﻿<?xml version="1.0" encoding="utf-8"?>
<Defs>
  <HediffDef Name="TraitBuffBase" Abstract="True">
    <hediffClass>HediffWithComps</hediffClass>
    <defaultLabelColor>(1,0,0.5)</defaultLabelColor>
    <initialSeverity>1</initialSeverity>
  </HediffDef>
  <HediffDef ParentName="TraitBuffBase">
    <defName>GBKT_TaskmasterNear</defName>
    <hediffClass>HediffWithComps</hediffClass>
    <label>A Taskmaster is Near</label>
    <labelNoun>A Near by Taskmaster</labelNoun>
    <scenarioCanAdd>true</scenarioCanAdd>
    <isBad>false</isBad>
    <comps>
      <li Class="HediffCompProperties_Disappears">
        <disappearsAfterTicks>
          <min>100</min>
          <max>100</max>
        </disappearsAfterTicks>
      </li>
    </comps>
    <stages>
      <li>
        <statOffsets>
          <WorkSpeedGlobal>0.20</WorkSpeedGlobal>
          <MentalBreakThreshold>0.08</MentalBreakThreshold>
        </statOffsets>
      </li>
    </stages>
  </HediffDef>
  <HediffDef ParentName="TraitBuffBase">
    <defName>GBKT_MeleeCommanderNear</defName>
    <hediffClass>HediffWithComps</hediffClass>
    <label>A Melee Commander is Near</label>
    <labelNoun>A Near by Melee Commander</labelNoun>
    <scenarioCanAdd>true</scenarioCanAdd>
    <isBad>false</isBad>
    <comps>
      <li Class="HediffCompProperties_Disappears">
        <disappearsAfterTicks>
          <min>100</min>
          <max>100</max>
        </disappearsAfterTicks>
      </li>
    </comps>
    <stages>
      <li>
        <statOffsets>
          <MeleeDodgeChance>0.15</MeleeDodgeChance>
          <MeleeHitChance>0.15</MeleeHitChance>
        </statOffsets>
      </li>
    </stages>
  </HediffDef>
  <HediffDef ParentName="TraitBuffBase">
    <defName>GBKT_BodyguardNear</defName>
    <hediffClass>HediffWithComps</hediffClass>
    <label>A Bodyguard is Near</label>
    <labelNoun>A Near by Bodyguard</labelNoun>
    <scenarioCanAdd>true</scenarioCanAdd>
    <isBad>false</isBad>
    <comps>
      <li Class="HediffCompProperties_Disappears">
        <disappearsAfterTicks>
          <min>100</min>
          <max>100</max>
        </disappearsAfterTicks>
      </li>
    </comps>
    <stages>
      <li>
        <statOffsets>
          <ArmorRating_Blunt>0.2</ArmorRating_Blunt>
          <ArmorRating_Sharp>0.2</ArmorRating_Sharp>
          <ArmorRating_Heat>0.2</ArmorRating_Heat>
        </statOffsets>
      </li>
    </stages>
  </HediffDef>
  <HediffDef ParentName="TraitBuffBase">
    <defName>GBKT_TeacherNear</defName>
    <hediffClass>HediffWithComps</hediffClass>
    <label>A Teacher is Near</label>
    <labelNoun>A Near by Teacher</labelNoun>
    <scenarioCanAdd>true</scenarioCanAdd>
    <isBad>false</isBad>
    <comps>
      <li Class="HediffCompProperties_Disappears">
        <disappearsAfterTicks>
          <min>100</min>
          <max>100</max>
        </disappearsAfterTicks>
      </li>
    </comps>
    <stages>
      <li>
        <statOffsets>
          <GlobalLearningFactor>0.25</GlobalLearningFactor>
        </statOffsets>
      </li>
    </stages>
  </HediffDef>
  <HediffDef ParentName="TraitBuffBase">
    <defName>GBKT_TeacherNear2</defName>
    <hediffClass>HediffWithComps</hediffClass>
    <label>A Teacher is Near</label>
    <labelNoun>A Near by Teacher</labelNoun>
    <scenarioCanAdd>true</scenarioCanAdd>
    <isBad>false</isBad>
    <comps>
      <li Class="HediffCompProperties_Disappears">
        <disappearsAfterTicks>
          <min>100</min>
          <max>100</max>
        </disappearsAfterTicks>
      </li>
    </comps>
    <stages>
      <li>
        <statOffsets>
          <GlobalLearningFactor>0.75</GlobalLearningFactor>
        </statOffsets>
      </li>
    </stages>
  </HediffDef>
  <HediffDef ParentName="TraitBuffBase">
    <defName>GBKT_GibberingNear</defName>
    <hediffClass>HediffWithComps</hediffClass>
    <label>A Gibbering Pawn is Near</label>
    <labelNoun>A Near by Gibbering Pawn</labelNoun>
    <scenarioCanAdd>true</scenarioCanAdd>
    <isBad>false</isBad>
    <comps>
      <li Class="HediffCompProperties_Disappears">
        <disappearsAfterTicks>
          <min>100</min>
          <max>100</max>
        </disappearsAfterTicks>
      </li>
    </comps>
    <stages>
      <li>
        <statOffsets>
          <MentalBreakThreshold>0.20</MentalBreakThreshold>
        </statOffsets>
      </li>
    </stages>
  </HediffDef>
  <HediffDef ParentName="TraitBuffBase">
    <defName>GBKT_GibberingBase</defName>
    <hediffClass>HediffWithComps</hediffClass>
    <label>A Gibbering Pawn is Near</label>
    <labelNoun>A Near by Gibbering Pawn</labelNoun>
    <scenarioCanAdd>true</scenarioCanAdd>
    <isBad>false</isBad>
    <comps>
      <li Class="HediffCompProperties_Disappears">
        <disappearsAfterTicks>
          <min>100</min>
          <max>100</max>
        </disappearsAfterTicks>
      </li>
    </comps>
    <stages>
      <li>
        <statOffsets>
          <MentalBreakThreshold>-1.00</MentalBreakThreshold>
        </statOffsets>
      </li>
    </stages>
  </HediffDef>
  <HediffDef ParentName="TraitBuffBase">
    <defName>GBKT_ResearchAssistantNear</defName>
    <hediffClass>HediffWithComps</hediffClass>
    <label>A Research Assistant is Near</label>
    <labelNoun>A Near by Research Assistant</labelNoun>
    <scenarioCanAdd>true</scenarioCanAdd>
    <isBad>false</isBad>
    <comps>
      <li Class="HediffCompProperties_Disappears">
        <disappearsAfterTicks>
          <min>100</min>
          <max>100</max>
        </disappearsAfterTicks>
      </li>
    </comps>
    <stages>
      <li>
        <statOffsets>
          <ResearchSpeed>0.20</ResearchSpeed>
        </statOffsets>
      </li>
    </stages>
  </HediffDef>
  <HediffDef ParentName="TraitBuffBase">
    <defName>GBKT_BeastMasterNear</defName>
    <hediffClass>HediffWithComps</hediffClass>
    <label>A Beast Master is Near</label>
    <labelNoun>A Near by Beast Master</labelNoun>
    <scenarioCanAdd>true</scenarioCanAdd>
    <isBad>false</isBad>
    <comps>
      <li Class="HediffCompProperties_Disappears">
        <disappearsAfterTicks>
          <min>100</min>
          <max>100</max>
        </disappearsAfterTicks>
      </li>
    </comps>
    <stages>
      <li>
        <statOffsets>
          <WorkSpeedGlobal>0.20</WorkSpeedGlobal>
          <MeleeDodgeChance>10</MeleeDodgeChance>
          <ShootingAccuracyPawn>10</ShootingAccuracyPawn>
          <MeleeHitChance>10</MeleeHitChance>
          <MoveSpeed>0.20</MoveSpeed>
          <CarryingCapacity>100</CarryingCapacity>
        </statOffsets>
      </li>
    </stages>
  </HediffDef>
  <HediffDef ParentName="TraitBuffBase">
    <defName>GBKT_BeastMasterWorkingWithBondeds</defName>
    <hediffClass>HediffWithComps</hediffClass>
    <label>A Beast Master is Working With Bonded Animals</label>
    <labelNoun>Beast Master Working With Bonded Animals</labelNoun>
    <scenarioCanAdd>true</scenarioCanAdd>
    <isBad>false</isBad>
    <comps>
      <li Class="HediffCompProperties_Disappears">
        <disappearsAfterTicks>
          <min>100</min>
          <max>100</max>
        </disappearsAfterTicks>
      </li>
    </comps>
    <stages>
      <li>
        <statOffsets>
          <TrainAnimalChance>0.4</TrainAnimalChance>
          <AnimalGatherSpeed>0.4</AnimalGatherSpeed>
          <AnimalGatherYield>0.4</AnimalGatherYield>
        </statOffsets>
      </li>
    </stages>
  </HediffDef>
  <HediffDef ParentName="TraitBuffBase">
    <defName>GBKT_OutriderNear</defName>
    <hediffClass>HediffWithComps</hediffClass>
    <label>A Cavalry Master is Near</label>
    <labelNoun>A Near by Cavalry Master</labelNoun>
    <scenarioCanAdd>true</scenarioCanAdd>
    <isBad>false</isBad>
    <comps>
      <li Class="HediffCompProperties_Disappears">
        <disappearsAfterTicks>
          <min>100</min>
          <max>100</max>
        </disappearsAfterTicks>
      </li>
    </comps>
    <stages>
      <li>
        <statOffsets>
          <MoveSpeed>0.40</MoveSpeed>
        </statOffsets>
      </li>
    </stages>
  </HediffDef>
  <HediffDef ParentName="TraitBuffBase">
    <defName>GBKT_OutriderAdjacent</defName>
    <hediffClass>HediffWithComps</hediffClass>
    <label>A Cavalry Master is Adjacent</label>
    <labelNoun>An Adjacent by Cavalry Master</labelNoun>
    <scenarioCanAdd>true</scenarioCanAdd>
    <isBad>false</isBad>
    <comps>
      <li Class="HediffCompProperties_Disappears">
        <disappearsAfterTicks>
          <min>100</min>
          <max>100</max>
        </disappearsAfterTicks>
      </li>
    </comps>
    <stages>
      <li>
        <statOffsets>
          <MoveSpeed>0.40</MoveSpeed>
        </statOffsets>
      </li>
    </stages>
  </HediffDef>
  <HediffDef ParentName="TraitBuffBase">
    <defName>GBKT_PlayLeaderNear</defName>
    <hediffClass>HediffWithComps</hediffClass>
    <label>A Play Leader is Near</label>
    <labelNoun>A Near by Play Leader</labelNoun>
    <scenarioCanAdd>true</scenarioCanAdd>
    <isBad>false</isBad>
    <comps>
      <li Class="HediffCompProperties_Disappears">
        <disappearsAfterTicks>
          <min>100</min>
          <max>100</max>
        </disappearsAfterTicks>
      </li>
    </comps>
    <stages>
      <li>
        <statOffsets>
          <GlobalLearningFactor>1.00</GlobalLearningFactor>
        </statOffsets>
      </li>
    </stages>
  </HediffDef>
  <HediffDef ParentName="TraitBuffBase">
    <defName>GBKT_CheerLeaderNear</defName>
    <hediffClass>HediffWithComps</hediffClass>
    <label>A Cheer Leader is Near</label>
    <labelNoun>A Near by Cheer Leader</labelNoun>
    <scenarioCanAdd>true</scenarioCanAdd>
    <isBad>false</isBad>
    <comps>
      <li Class="HediffCompProperties_Disappears">
        <disappearsAfterTicks>
          <min>100</min>
          <max>100</max>
        </disappearsAfterTicks>
      </li>
    </comps>
    <stages>
      <li>
        <statOffsets>
          <MentalBreakThreshold>-0.09</MentalBreakThreshold>
        </statOffsets>
      </li>
    </stages>
  </HediffDef>
  <HediffDef ParentName="TraitBuffBase">
    <defName>GBKT_CreativePlannerNear</defName>
    <hediffClass>HediffWithComps</hediffClass>
    <label>A Creative Planner is Near</label>
    <labelNoun>A Near by Creative Planner</labelNoun>
    <scenarioCanAdd>true</scenarioCanAdd>
    <isBad>false</isBad>
    <comps>
      <li Class="HediffCompProperties_Disappears">
        <disappearsAfterTicks>
          <min>100</min>
          <max>100</max>
        </disappearsAfterTicks>
      </li>
    </comps>
    <stages>
      <li>
        <statOffsets>
          <ConstructSuccessChance>0.20</ConstructSuccessChance>
          <FixBrokenDownBuildingSuccessChance>0.20</FixBrokenDownBuildingSuccessChance>
          <SmithingSpeed>0.20</SmithingSpeed>
          <SculptingSpeed>0.20</SculptingSpeed>
          <TailoringSpeed>0.20</TailoringSpeed>
        </statOffsets>
      </li>
    </stages>
  </HediffDef>
  <HediffDef ParentName="TraitBuffBase">
    <defName>GBKT_FireBrigadierNear</defName>
    <hediffClass>HediffWithComps</hediffClass>
    <label>A Fire Brigadier is Near</label>
    <labelNoun>A Near by Fire Brigadier</labelNoun>
    <scenarioCanAdd>true</scenarioCanAdd>
    <isBad>false</isBad>
    <comps>
      <li Class="HediffCompProperties_Disappears">
        <disappearsAfterTicks>
          <min>100</min>
          <max>100</max>
        </disappearsAfterTicks>
      </li>
    </comps>
    <stages>
      <li>
        <restFallFactor>1.50</restFallFactor>
        <statOffsets>
          <WorkSpeedGlobal>1.00</WorkSpeedGlobal>
          <MoveSpeed>0.40</MoveSpeed>
        </statOffsets>
      </li>
    </stages>
  </HediffDef>
  <HediffDef ParentName="TraitBuffBase">
    <defName>GBKT_SpasticFoolNear</defName>
    <hediffClass>HediffWithComps</hediffClass>
    <label>A Spastic Fool is Near</label>
    <labelNoun>A Near by Spastic Fool</labelNoun>
    <scenarioCanAdd>true</scenarioCanAdd>
    <isBad>false</isBad>
    <comps>
      <li Class="HediffCompProperties_Disappears">
        <disappearsAfterTicks>
          <min>200</min>
          <max>200</max>
        </disappearsAfterTicks>
      </li>
    </comps>
    <stages>
      <li>
        <statOffsets>
          <MeleeHitChance>-15</MeleeHitChance>
          <AimingDelayFactor>0.25</AimingDelayFactor>
          <WorkSpeedGlobal>-0.25</WorkSpeedGlobal>
        </statOffsets>
        <capMods>
          <li>
            <capacity>Moving</capacity>
            <offset>-0.25</offset>
          </li>
        </capMods>
      </li>
    </stages>
  </HediffDef>
  <HediffDef ParentName="TraitBuffBase">
    <defName>GBKT_BlabbermouthNear</defName>
    <hediffClass>HediffWithComps</hediffClass>
    <label>A Blabbermouth is In The Colony</label>
    <labelNoun>A Colony Blabbermouth</labelNoun>
    <scenarioCanAdd>true</scenarioCanAdd>
    <isBad>false</isBad>
    <comps>
      <li Class="HediffCompProperties_Disappears">
        <disappearsAfterTicks>
          <min>100</min>
          <max>100</max>
        </disappearsAfterTicks>
      </li>
    </comps>
    <stages>
      <li>
        <opinionOfOthersFactor>1.50</opinionOfOthersFactor>
      </li>
    </stages>
  </HediffDef>
  <HediffDef ParentName="TraitBuffBase">
    <defName>GBKT_DamselInTrouble</defName>
    <hediffClass>HediffWithComps</hediffClass>
    <label>A Damsel is In Trouble</label>
    <labelNoun>A Troubled Damsel</labelNoun>
    <scenarioCanAdd>true</scenarioCanAdd>
    <isBad>false</isBad>
    <comps>
      <li Class="HediffCompProperties_Disappears">
        <disappearsAfterTicks>
          <min>100</min>
          <max>100</max>
        </disappearsAfterTicks>
      </li>
    </comps>
    <stages>
      <li>
        <restFallFactor>1.50</restFallFactor>
        <statOffsets>
          <PainShockThreshold>0.20</PainShockThreshold>
        </statOffsets>
        <capMods>
          <li>
            <capacity>Consciousness</capacity>
            <offset>0.2</offset>
          </li>
          <li>
            <capacity>Moving</capacity>
            <offset>0.2</offset>
          </li>
        </capMods>
      </li>
    </stages>
  </HediffDef>
  <HediffDef ParentName="TraitBuffBase">
    <defName>GBKT_DamselBeingTended</defName>
    <hediffClass>HediffWithComps</hediffClass>
    <label>Is Tending A Damsel</label>
    <labelNoun>A Damsel Is Being Tended</labelNoun>
    <scenarioCanAdd>true</scenarioCanAdd>
    <isBad>false</isBad>
    <comps>
      <li Class="HediffCompProperties_Disappears">
        <disappearsAfterTicks>
          <min>100</min>
          <max>100</max>
        </disappearsAfterTicks>
      </li>
    </comps>
    <stages>
      <li>
        <statOffsets>
          <MedicalSurgerySuccessChance>0.3</MedicalSurgerySuccessChance>
          <MedicalTendQuality>0.3</MedicalTendQuality>
          <MedicalOperationSpeed>-0.2</MedicalOperationSpeed>
          <MedicalTendSpeed>-0.2</MedicalTendSpeed>
          <MoveSpeed>0.2</MoveSpeed>
        </statOffsets>
      </li>
    </stages>
  </HediffDef>
  <HediffDef ParentName="TraitBuffBase">
    <defName>GBKT_SterilizerCleaning</defName>
    <hediffClass>HediffWithComps</hediffClass>
    <label>A Sterilizer is Cleaning</label>
    <labelNoun>A Cleaning Sterilizer</labelNoun>
    <scenarioCanAdd>true</scenarioCanAdd>
    <isBad>false</isBad>
    <comps>
      <li Class="HediffCompProperties_Disappears">
        <disappearsAfterTicks>
          <min>100</min>
          <max>100</max>
        </disappearsAfterTicks>
      </li>
    </comps>
    <stages>
      <li>
        <statOffsets>
          <WorkSpeedGlobal>0.25</WorkSpeedGlobal>
          <MoveSpeed>0.20</MoveSpeed>
        </statOffsets>
      </li>
    </stages>
  </HediffDef>
  <HediffDef ParentName="TraitBuffBase">
    <defName>GBKT_SterilizerCleaning2</defName>
    <hediffClass>HediffWithComps</hediffClass>
    <label>A Sterilizer is Cleaning A Hospital Room</label>
    <labelNoun>A Cleaning Sterilizer</labelNoun>
    <scenarioCanAdd>true</scenarioCanAdd>
    <isBad>false</isBad>
    <comps>
      <li Class="HediffCompProperties_Disappears">
        <disappearsAfterTicks>
          <min>100</min>
          <max>100</max>
        </disappearsAfterTicks>
      </li>
    </comps>
    <stages>
      <li>
        <statOffsets>
          <WorkSpeedGlobal>0.50</WorkSpeedGlobal>
          <MoveSpeed>0.40</MoveSpeed>
        </statOffsets>
      </li>
    </stages>
  </HediffDef>
  <HediffDef ParentName="TraitBuffBase">
    <defName>GBKT_SterilizerNearby</defName>
    <hediffClass>HediffWithComps</hediffClass>
    <label>A Sterilizer is Near</label>
    <labelNoun>A Near by Sterilizer</labelNoun>
    <scenarioCanAdd>true</scenarioCanAdd>
    <isBad>false</isBad>
    <comps>
      <li Class="HediffCompProperties_Disappears">
        <disappearsAfterTicks>
          <min>100</min>
          <max>100</max>
        </disappearsAfterTicks>
      </li>
    </comps>
    <stages>
      <li>
        <statOffsets>
          <MedicalSurgerySuccessChance>0.10</MedicalSurgerySuccessChance>
          <MedicalTendQuality>0.10</MedicalTendQuality>
        </statOffsets>
      </li>
    </stages>
  </HediffDef>
  <HediffDef ParentName="TraitBuffBase">
    <defName>GBKT_SterilizerNearby2</defName>
    <hediffClass>HediffWithComps</hediffClass>
    <label>A Sterilizer is Near</label>
    <labelNoun>A Near by Sterilizer</labelNoun>
    <scenarioCanAdd>true</scenarioCanAdd>
    <isBad>false</isBad>
    <comps>
      <li Class="HediffCompProperties_Disappears">
        <disappearsAfterTicks>
          <min>200</min>
          <max>200</max>
        </disappearsAfterTicks>
      </li>
    </comps>
    <stages>
      <li>
        <statOffsets>
          <ImmunityGainSpeed>-0.1</ImmunityGainSpeed>
        </statOffsets>
      </li>
    </stages>
  </HediffDef>
</Defs>